{
  "schema_version": "k-fnspid-impact-training/v1",
  "version": "kfi-shared-tfidf-20260718154005",
  "source_type": null,
  "dataset_dir": "data/k_fnspid/v4",
  "dataset_manifest": {
    "path": "data/k_fnspid/v4/manifest.json",
    "dataset_version": "k-fnspid-v4",
    "bytes": 12648,
    "sha256": "80b08190c538c1baeef418e4b50d5d9cb2ff9980ceb784a85b2988048ccc91c4"
  },
  "artifact": {
    "path": "src/hannah_montana_ai/model_store/k_fnspid_impact_ml.joblib",
    "bytes": 12635347,
    "sha256": "4206ecb204e7716380af6ca95ea7468c4531aff8d98d1b8251b5c9fbad18632f"
  },
  "input_feature_version": "k-fnspid-text-v2",
  "partition_count": {
    "TRAIN": 218972,
    "VALIDATION": 6975,
    "TEST": 14175
  },
  "final_training_count": 225947,
  "evaluation_training_count": 218972,
  "evaluation_protocol": "TRAIN fit, VALIDATION selection, frozen TEST evaluation",
  "label_distribution": {
    "LOW": 156962,
    "MEDIUM": 59809,
    "HIGH": 17094,
    "CRITICAL": 7506
  },
  "validation": {
    "sample_count": 6975,
    "accuracy": 0.43913978494623657,
    "macro_f1": 0.3456609655394147,
    "quadratic_kappa": 0.32026338405404164,
    "expected_calibration_error_15_bin": 0.03597832879480466,
    "multiclass_brier_score": 0.6651119857638387
  },
  "test": {
    "sample_count": 14175,
    "accuracy": 0.4361199294532628,
    "macro_f1": 0.33005368510882666,
    "quadratic_kappa": 0.27071888193065696,
    "expected_calibration_error_15_bin": 0.03449498775760005,
    "multiclass_brier_score": 0.6623932371217783
  },
  "test_predictions": {
    "path": "reports/k-fnspid-impact-test-predictions.jsonl",
    "sample_count": 14175,
    "bytes": 4482675,
    "sha256": "a33574618ec55d477b6e36aece3ba44e0f1fb8f90e59f6d5a73b0a106691a996"
  },
  "deployment_gate": {
    "minimum_test_sample_count": 1000,
    "minimum_macro_f1": 0.3,
    "minimum_quadratic_kappa": 0.2,
    "maximum_expected_calibration_error_15_bin": 0.2,
    "eligible": true,
    "decision": "DEPLOY_SOURCE_BASELINE"
  }
}
