{
  "schema_version": "k-fnspid-research-evaluation/v1",
  "sample_count": 14175,
  "label_distribution": {
    "CRITICAL": 679,
    "HIGH": 1679,
    "LOW": 7045,
    "MEDIUM": 4772
  },
  "baseline": {
    "accuracy": 0.43767195767195766,
    "macro_f1": 0.3210238556850565,
    "quadratic_kappa": 0.2552413418358265,
    "ordinal_mean_absolute_error": 0.7916049382716049,
    "per_class": {
      "LOW": {
        "precision": 0.5877055599060298,
        "recall": 0.6391767210787793,
        "f1": 0.6123614605289998,
        "support": 7045
      },
      "MEDIUM": {
        "precision": 0.3757774140752864,
        "recall": 0.24056999161777032,
        "f1": 0.29334355436310205,
        "support": 4772
      },
      "HIGH": {
        "precision": 0.17935615738375063,
        "recall": 0.209053007742704,
        "f1": 0.19306930693069307,
        "support": 1679
      },
      "CRITICAL": {
        "precision": 0.1345769487008661,
        "recall": 0.2974963181148748,
        "f1": 0.1853211009174312,
        "support": 679
      }
    },
    "confusion_matrix": [
      [
        4503,
        1347,
        731,
        464
      ],
      [
        2397,
        1148,
        727,
        500
      ],
      [
        578,
        415,
        351,
        335
      ],
      [
        184,
        145,
        148,
        202
      ]
    ],
    "confusion_matrix_label_order": [
      "LOW",
      "MEDIUM",
      "HIGH",
      "CRITICAL"
    ],
    "expected_calibration_error_15_bin": 0.03694865917319223,
    "multiclass_brier_score": 0.6576054386873712
  },
  "transformer": {
    "accuracy": 0.5085008818342152,
    "macro_f1": 0.3689632282506849,
    "quadratic_kappa": 0.3974504490660744,
    "ordinal_mean_absolute_error": 0.6200352733686068,
    "per_class": {
      "LOW": {
        "precision": 0.5787564244684067,
        "recall": 0.8151880766501065,
        "f1": 0.6769212635549269,
        "support": 7045
      },
      "MEDIUM": {
        "precision": 0.3989941324392288,
        "recall": 0.1994970662196144,
        "f1": 0.26599608829281923,
        "support": 4772
      },
      "HIGH": {
        "precision": 0.2421731123388582,
        "recall": 0.1566408576533651,
        "f1": 0.19023508137432188,
        "support": 1679
      },
      "CRITICAL": {
        "precision": 0.32051282051282054,
        "recall": 0.36818851251840945,
        "f1": 0.3427004797806717,
        "support": 679
      }
    },
    "confusion_matrix": [
      [
        5743,
        910,
        316,
        76
      ],
      [
        3284,
        952,
        362,
        174
      ],
      [
        725,
        411,
        263,
        280
      ],
      [
        171,
        113,
        145,
        250
      ]
    ],
    "confusion_matrix_label_order": [
      "LOW",
      "MEDIUM",
      "HIGH",
      "CRITICAL"
    ],
    "expected_calibration_error_15_bin": 0.02593221925784833,
    "multiclass_brier_score": 0.599753325009194
  },
  "paired_bootstrap": {
    "samples": 2000,
    "seed": 20260713,
    "accuracy_difference": {
      "mean": 0.07077961199294533,
      "low": 0.06194003527336861,
      "high": 0.07957671957671958
    },
    "macro_f1_difference": {
      "mean": 0.04783855751787176,
      "low": 0.03587518762076686,
      "high": 0.059251953509706246
    },
    "quadratic_kappa_difference": {
      "mean": 0.1419365869463792,
      "low": 0.12365906964660967,
      "high": 0.16043487061002637
    }
  },
  "clustered_bootstrap": {
    "cluster_key": "effective_trade_date",
    "cluster_count": 70,
    "samples": 2000,
    "seed": 20260713,
    "accuracy_difference": {
      "mean": 0.07065129237512445,
      "low": 0.05939086294416246,
      "high": 0.0818431911966988
    },
    "macro_f1_difference": {
      "mean": 0.0476635835760236,
      "low": 0.035052653111897314,
      "high": 0.06075847289625946
    },
    "quadratic_kappa_difference": {
      "mean": 0.14155474949536928,
      "low": 0.11779078509565377,
      "high": 0.16486938569074683
    }
  },
  "mcnemar_exact": {
    "baseline_only_correct": 1566,
    "transformer_only_correct": 2570,
    "p_value": 2.2892567666161385e-55
  },
  "source_type": {
    "DISCLOSURE": {
      "sample_count": 4615,
      "baseline": {
        "accuracy": 0.3674972914409534,
        "macro_f1": 0.2677065976426612,
        "quadratic_kappa": 0.11254900792716382,
        "ordinal_mean_absolute_error": 0.9531960996749729,
        "per_class": {
          "LOW": {
            "precision": 0.5836820083682008,
            "recall": 0.47855917667238423,
            "f1": 0.525918944392083,
            "support": 2332
          },
          "MEDIUM": {
            "precision": 0.3929203539823009,
            "recall": 0.26618705035971224,
            "f1": 0.3173695496783417,
            "support": 1668
          },
          "HIGH": {
            "precision": 0.11686879823594266,
            "recall": 0.21370967741935484,
            "f1": 0.1511047754811119,
            "support": 496
          },
          "CRITICAL": {
            "precision": 0.04504504504504504,
            "recall": 0.25210084033613445,
            "f1": 0.07643312101910828,
            "support": 119
          }
        },
        "confusion_matrix": [
          [
            1116,
            524,
            409,
            283
          ],
          [
            606,
            444,
            365,
            253
          ],
          [
            153,
            137,
            106,
            100
          ],
          [
            37,
            25,
            27,
            30
          ]
        ],
        "confusion_matrix_label_order": [
          "LOW",
          "MEDIUM",
          "HIGH",
          "CRITICAL"
        ]
      },
      "transformer": {
        "accuracy": 0.47497291440953415,
        "macro_f1": 0.32163949090130667,
        "quadratic_kappa": 0.15497773582734986,
        "ordinal_mean_absolute_error": 0.6580715059588299,
        "per_class": {
          "LOW": {
            "precision": 0.5530745448299553,
            "recall": 0.6903945111492281,
            "f1": 0.6141522029372497,
            "support": 2332
          },
          "MEDIUM": {
            "precision": 0.4074074074074074,
            "recall": 0.30335731414868106,
            "f1": 0.34776632302405497,
            "support": 1668
          },
          "HIGH": {
            "precision": 0.14646464646464646,
            "recall": 0.11693548387096774,
            "f1": 0.13004484304932734,
            "support": 496
          },
          "CRITICAL": {
            "precision": 0.2727272727272727,
            "recall": 0.15126050420168066,
            "f1": 0.1945945945945946,
            "support": 119
          }
        },
        "confusion_matrix": [
          [
            1610,
            536,
            173,
            13
          ],
          [
            992,
            506,
            151,
            19
          ],
          [
            247,
            175,
            58,
            16
          ],
          [
            62,
            25,
            14,
            18
          ]
        ],
        "confusion_matrix_label_order": [
          "LOW",
          "MEDIUM",
          "HIGH",
          "CRITICAL"
        ]
      },
      "clustered_bootstrap": {
        "status": "available",
        "cluster_count": 34,
        "accuracy_difference": {
          "mean": 0.10745729471980403,
          "low": 0.08474931822949444,
          "high": 0.1322911805879608
        },
        "macro_f1_difference": {
          "mean": 0.05373372323102902,
          "low": 0.026449786205799797,
          "high": 0.08064100004856534
        },
        "quadratic_kappa_difference": {
          "mean": 0.04239749598143955,
          "low": 0.004586953690135176,
          "high": 0.07940952724208428
        }
      },
      "non_regression_gate": {
        "macro_f1_not_below_baseline": true,