{
  "schema_version": "k-fnspid-impact-training/v1",
  "version": "k-fnspid-impact-tfidf-logreg-20260712210703",
  "dataset_dir": "data/k_fnspid/v1",
  "partition_count": {
    "TRAIN": 8819,
    "VALIDATION": 10233,
    "TEST": 9220
  },
  "final_training_count": 19052,
  "label_distribution": {
    "LOW": 15322,
    "MEDIUM": 11002,
    "CRITICAL": 651,
    "HIGH": 3414
  },
  "validation": {
    "sample_count": 10233,
    "accuracy": 0.42597478745236,
    "macro_f1": 0.271138264272583,
    "quadratic_kappa": 0.11039506764648988
  },
  "test": {
    "sample_count": 9220,
    "accuracy": 0.4306941431670282,
    "macro_f1": 0.30143961345175246,
    "quadratic_kappa": 0.21443839570902967
  }
}
