{
  "schema_version": "korean-finance-sentiment-benchmark/v1",
  "dataset_source": "mssongit/finance-task:fnsentiment:test",
  "test_path": "data/external/kf_deberta_benchmark/ratings_test.csv",
  "test_sha256": "ec2e60f370b711f307683995c7cf02770a53ab1b2e5ec4d5feb00da5ecd38360",
  "sample_count": 933,
  "label_distribution": {
    "NEGATIVE": 311,
    "NEUTRAL": 311,
    "POSITIVE": 311
  },
  "models": {
    "hannah_tfidf_logistic": {
      "accuracy": 0.4780278670953912,
      "macro_f1": 0.44232297951476274,
      "confusion_matrix": {
        "NEGATIVE": {
          "NEGATIVE": 78,
          "NEUTRAL": 59,
          "POSITIVE": 174
        },
        "NEUTRAL": {
          "NEGATIVE": 7,
          "NEUTRAL": 90,
          "POSITIVE": 214
        },
        "POSITIVE": {
          "NEGATIVE": 5,
          "NEUTRAL": 28,
          "POSITIVE": 278
        }
      },
      "label_metrics": {
        "NEGATIVE": {
          "precision": 0.8666666666666667,
          "recall": 0.2508038585209003,
          "f1": 0.38902743142144636,
          "support": 311
        },
        "NEUTRAL": {
          "precision": 0.5084745762711864,
          "recall": 0.28938906752411575,
          "f1": 0.36885245901639346,
          "support": 311
        },
        "POSITIVE": {
          "precision": 0.4174174174174174,
          "recall": 0.8938906752411575,
          "f1": 0.5690890481064483,
          "support": 311
        }
      },
      "elapsed_seconds": 1.395144
    },
    "kr_finbert_sc": {
      "accuracy": 0.7363344051446945,
      "macro_f1": 0.7271624759857328,
      "confusion_matrix": {
        "NEGATIVE": {
          "NEGATIVE": 269,
          "NEUTRAL": 21,
          "POSITIVE": 21
        },
        "NEUTRAL": {
          "NEGATIVE": 23,
          "NEUTRAL": 144,
          "POSITIVE": 144
        },
        "POSITIVE": {
          "NEGATIVE": 8,
          "NEUTRAL": 29,
          "POSITIVE": 274
        }
      },
      "label_metrics": {
        "NEGATIVE": {
          "precision": 0.8966666666666666,
          "recall": 0.864951768488746,
          "f1": 0.8805237315875614,
          "support": 311
        },
        "NEUTRAL": {
          "precision": 0.7422680412371134,
          "recall": 0.4630225080385852,
          "f1": 0.5702970297029702,
          "support": 311
        },
        "POSITIVE": {
          "precision": 0.6241457858769932,
          "recall": 0.8810289389067524,
          "f1": 0.7306666666666667,
          "support": 311
        }
      },
      "elapsed_seconds": 9.497956
    },
    "kf_deberta_lora": {
      "accuracy": 0.8853161843515541,
      "macro_f1": 0.8850250763430297,
      "confusion_matrix": {
        "NEGATIVE": {
          "NEGATIVE": 298,
          "NEUTRAL": 9,
          "POSITIVE": 4
        },
        "NEUTRAL": {
          "NEGATIVE": 13,
          "NEUTRAL": 276,
          "POSITIVE": 22
        },
        "POSITIVE": {
          "NEGATIVE": 7,
          "NEUTRAL": 52,
          "POSITIVE": 252
        }
      },
      "label_metrics": {
        "NEGATIVE": {
          "precision": 0.9371069182389937,
          "recall": 0.9581993569131833,
          "f1": 0.9475357710651828,
          "support": 311
        },
        "NEUTRAL": {
          "precision": 0.8189910979228486,
          "recall": 0.887459807073955,
          "f1": 0.8518518518518519,
          "support": 311
        },
        "POSITIVE": {
          "precision": 0.9064748201438849,
          "recall": 0.8102893890675241,
          "f1": 0.8556876061120543,
          "support": 311
        }
      },
      "elapsed_seconds": 15.046832
    },
    "kf_deberta_lora_ensemble": {
      "accuracy": 0.8842443729903537,
      "macro_f1": 0.8839830041996367,
      "confusion_matrix": {
        "NEGATIVE": {
          "NEGATIVE": 297,
          "NEUTRAL": 9,
          "POSITIVE": 5
        },
        "NEUTRAL": {
          "NEGATIVE": 13,
          "NEUTRAL": 276,
          "POSITIVE": 22
        },
        "POSITIVE": {
          "NEGATIVE": 7,
          "NEUTRAL": 52,
          "POSITIVE": 252
        }
      },
      "label_metrics": {
        "NEGATIVE": {
          "precision": 0.9369085173501577,
          "recall": 0.954983922829582,
          "f1": 0.945859872611465,
          "support": 311
        },
        "NEUTRAL": {
          "precision": 0.8189910979228486,
          "recall": 0.887459807073955,
          "f1": 0.8518518518518519,
          "support": 311
        },
        "POSITIVE": {
          "precision": 0.9032258064516129,
          "recall": 0.8102893890675241,
          "f1": 0.8542372881355932,
          "support": 311
        }
      },
      "transformer_weight": 0.8,
      "baseline_weight": 0.2
    },
    "kf_deberta_lora_stacker": {
      "accuracy": 0.8821007502679529,
      "macro_f1": 0.8820262420757777,
      "confusion_matrix": {
        "NEGATIVE": {
          "NEGATIVE": 295,
          "NEUTRAL": 11,
          "POSITIVE": 5
        },
        "NEUTRAL": {
          "NEGATIVE": 12,
          "NEUTRAL": 274,
          "POSITIVE": 25
        },
        "POSITIVE": {
          "NEGATIVE": 7,
          "NEUTRAL": 50,
          "POSITIVE": 254
        }
      },
      "label_metrics": {
        "NEGATIVE": {
          "precision": 0.9394904458598726,
          "recall": 0.9485530546623794,
          "f1": 0.944,
          "support": 311
        },
        "NEUTRAL": {
          "precision": 0.817910447761194,
          "recall": 0.8810289389067524,
          "f1": 0.848297213622291,
          "support": 311
        },
        "POSITIVE": {
          "precision": 0.8943661971830986,
          "recall": 0.8167202572347267,
          "f1": 0.853781512605042,
          "support": 311
        }
      },
      "artifact": "src/hannah_montana_ai/model_store/sentiment_stacker.joblib"
    }
  },
  "operational_gold": {
    "real_disclosure_gold": {
      "accuracy": 0.9233333333333333,
      "macro_f1": 0.8343921853959096,
      "confusion_matrix": {
        "NEGATIVE": {
          "NEGATIVE": 51,
          "NEUTRAL": 4,
          "POSITIVE": 0
        },
        "NEUTRAL": {
          "NEGATIVE": 3,
          "NEUTRAL": 472,
          "POSITIVE": 0
        },
        "POSITIVE": {
          "NEGATIVE": 0,
          "NEUTRAL": 39,
          "POSITIVE": 31
        }
      },
      "label_metrics": {
        "NEGATIVE": {
          "precision": 0.9444444444444444,
          "recall": 0.9272727272727272,
          "f1": 0.9357798165137615,
          "support": 55
        },
        "NEUTRAL": {
          "precision": 0.916504854368932,
          "recall": 0.9936842105263158,
          "f1": 0.9535353535353536,
          "support": 475
        },
        "POSITIVE": {
          "precision": 1.0,
          "recall": 0.44285714285714284,
          "f1": 0.6138613861386139,
          "support": 70
        }
      },
      "sample_count": 600,
      "path": "data/evaluation/financial_alert_real_disclosure_gold.jsonl",
      "sha256": "5ac524bf049621e87d93d7eb09cc6f1b0db8aa2520083dd5779543732c1ba45c"
    },
    "real_news_gold": {
      "accuracy": 0.9,
      "macro_f1": 0.8642135642135642,
      "confusion_matrix": {
        "NEGATIVE": {
          "NEGATIVE": 19,
          "NEUTRAL": 1,
          "POSITIVE": 0
        },
        "NEUTRAL": {
          "NEGATIVE": 3,
          "NEUTRAL": 11,
          "POSITIVE": 3
        },
        "POSITIVE": {
          "NEGATIVE": 0,
          "NEUTRAL": 1,
          "POSITIVE": 42
        }
      },
      "label_metrics": {
        "NEGATIVE": {
          "precision": 0.8636363636363636,
          "recall": 0.95,
          "f1": 0.9047619047619048,
          "support": 20
        },
        "NEUTRAL": {
          "precision": 0.8461538461538461,
          "recall": 0.6470588235294118,
          "f1": 0.7333333333333333,
          "support": 17
        },
        "POSITIVE": {
          "precision": 0.9333333333333333,
          "recall": 0.9767441860465116,