{
  "benchmark": {
    "sample_count": 768,
    "event_tag_recall": 1.0,
    "sentiment_accuracy": 0.94921875,
    "importance_accuracy": 0.9322916666666666,
    "stock_accuracy": 1.0,
    "event_macro_f1": 0.984375,
    "event_label_metrics": {
      "CAPITAL_ACTION": {
        "precision": 1.0,
        "recall": 1.0,
        "f1": 1.0,
        "support": 72
      },
      "CONTRACT": {
        "precision": 1.0,
        "recall": 1.0,
        "f1": 1.0,
        "support": 72
      },
      "CORPORATE_ACTION": {
        "precision": 1.0,
        "recall": 1.0,
        "f1": 1.0,
        "support": 96
      },
      "DISCLOSURE": {
        "precision": 1.0,
        "recall": 1.0,
        "f1": 1.0,
        "support": 312
      },
      "EARNINGS": {
        "precision": 1.0,
        "recall": 1.0,
        "f1": 1.0,
        "support": 120
      },
      "GENERAL_MARKET": {
        "precision": 1.0,
        "recall": 1.0,
        "f1": 1.0,
        "support": 72
      },
      "MACRO": {
        "precision": 1.0,
        "recall": 1.0,
        "f1": 1.0,
        "support": 144
      },
      "RISK": {
        "precision": 0.7777777777777778,
        "recall": 1.0,
        "f1": 0.8750000000000001,
        "support": 168
      }
    },
    "sentiment_macro_f1": 0.9493322258761868,
    "sentiment_label_metrics": {
      "NEGATIVE": {
        "precision": 1.0,
        "recall": 0.9431818181818182,
        "f1": 0.9707602339181286,
        "support": 264
      },
      "NEUTRAL": {
        "precision": 1.0,
        "recall": 0.9090909090909091,
        "f1": 0.9523809523809523,
        "support": 264
      },
      "POSITIVE": {
        "precision": 0.8602150537634409,
        "recall": 1.0,
        "f1": 0.9248554913294798,
        "support": 240
      }
    },
    "importance_macro_f1": 0.9192969814130985,
    "importance_label_metrics": {
      "LOW": {
        "precision": 1.0,
        "recall": 0.7083333333333334,
        "f1": 0.8292682926829268,
        "support": 48
      },
      "MEDIUM": {
        "precision": 0.8695652173913043,
        "recall": 1.0,
        "f1": 0.9302325581395349,
        "support": 240
      },
      "HIGH": {
        "precision": 0.9656862745098039,
        "recall": 0.9120370370370371,
        "f1": 0.9380952380952382,
        "support": 432
      },
      "CRITICAL": {
        "precision": 0.96,
        "recall": 1.0,
        "f1": 0.9795918367346939,
        "support": 48
      }
    },
    "sentiment_confusion_matrix": {
      "NEGATIVE": {
        "NEGATIVE": 249,
        "POSITIVE": 15
      },
      "NEUTRAL": {
        "NEUTRAL": 240,
        "POSITIVE": 24
      },
      "POSITIVE": {
        "POSITIVE": 240
      }
    },
    "importance_confusion_matrix": {
      "CRITICAL": {
        "CRITICAL": 48
      },
      "HIGH": {
        "CRITICAL": 2,
        "HIGH": 394,
        "MEDIUM": 36
      },
      "LOW": {
        "HIGH": 14,
        "LOW": 34
      },
      "MEDIUM": {
        "MEDIUM": 240
      }
    }
  },
  "real_disclosure_gold": {
    "sample_count": 600,
    "event_tag_recall": 0.9966666666666667,
    "sentiment_accuracy": 0.9233333333333333,
    "importance_accuracy": 1.0,
    "stock_accuracy": 1.0,
    "event_macro_f1": 0.9979126639626177,
    "event_label_metrics": {
      "CAPITAL_ACTION": {
        "precision": 1.0,
        "recall": 0.9933333333333333,
        "f1": 0.9966555183946488,
        "support": 150
      },
      "CORPORATE_ACTION": {
        "precision": 1.0,
        "recall": 0.9859154929577465,
        "f1": 0.9929078014184397,
        "support": 71
      },
      "DISCLOSURE": {
        "precision": 1.0,
        "recall": 1.0,
        "f1": 1.0,
        "support": 600
      },
      "EARNINGS": {
        "precision": 1.0,
        "recall": 1.0,
        "f1": 1.0,
        "support": 40
      },
      "RISK": {
        "precision": 1.0,
        "recall": 1.0,
        "f1": 1.0,
        "support": 55
      }
    },
    "sentiment_macro_f1": 0.8343921853959096,
    "sentiment_label_metrics": {
      "NEGATIVE": {
        "precision": 0.9444444444444444,
        "recall": 0.9272727272727272,
        "f1": 0.9357798165137615,
        "support": 55
      },
      "NEUTRAL": {
        "precision": 0.916504854368932,
        "recall": 0.9936842105263158,
        "f1": 0.9535353535353536,
        "support": 475
      },
      "POSITIVE": {
        "precision": 1.0,
        "recall": 0.44285714285714284,
        "f1": 0.6138613861386139,
        "support": 70
      }
    },
    "importance_macro_f1": 1.0,
    "importance_label_metrics": {
      "LOW": {
        "precision": 1.0,
        "recall": 1.0,
        "f1": 1.0,
        "support": 250
      },
      "MEDIUM": {
        "precision": 1.0,
        "recall": 1.0,
        "f1": 1.0,
        "support": 34
      },
      "HIGH": {
        "precision": 1.0,
        "recall": 1.0,
        "f1": 1.0,
        "support": 287
      },
      "CRITICAL": {
        "precision": 1.0,
        "recall": 1.0,
        "f1": 1.0,
        "support": 29
      }
    },
    "sentiment_confusion_matrix": {
      "NEGATIVE": {
        "NEGATIVE": 51,
        "NEUTRAL": 4
      },
      "NEUTRAL": {
        "NEGATIVE": 3,
        "NEUTRAL": 472
      },
      "POSITIVE": {
        "NEUTRAL": 39,
        "POSITIVE": 31
      }
    },
    "importance_confusion_matrix": {
      "CRITICAL": {
        "CRITICAL": 29
      },
      "HIGH": {
        "HIGH": 287
      },
      "LOW": {
        "LOW": 250
      },
      "MEDIUM": {
        "MEDIUM": 34
      }
    }
  },
  "real_news_gold": {
    "sample_count": 80,
    "event_tag_recall": 0.9875,
    "sentiment_accuracy": 0.9,
    "importance_accuracy": 0.95,
    "stock_accuracy": 1.0,
    "event_macro_f1": 0.9184304408521337,
    "event_label_metrics": {
      "CAPITAL_ACTION": {
        "precision": 0.9375,
        "recall": 1.0,
        "f1": 0.967741935483871,
        "support": 15
      },
      "CONTRACT": {
        "precision": 0.8888888888888888,
        "recall": 1.0,
        "f1": 0.9411764705882353,
        "support": 8
      },
      "CORPORATE_ACTION": {
        "precision": 0.8333333333333334,
        "recall": 1.0,
        "f1": 0.9090909090909091,
        "support": 10
      },
      "EARNINGS": {
        "precision": 0.9523809523809523,
        "recall": 1.0,
        "f1": 0.975609756097561,
        "support": 20
      },
      "GENERAL_MARKET": {
        "precision": 0.85,
        "recall": 1.0,
        "f1": 0.9189189189189189,
        "support": 17
      },
      "MACRO": {
        "precision": 0.8571428571428571,
        "recall": 0.9230769230769231,
        "f1": 0.888888888888889,
        "support": 13
      },
      "RISK": {
        "precision": 0.7058823529411765,
        "recall": 1.0,
        "f1": 0.8275862068965517,
        "support": 24
      }
    },
    "sentiment_macro_f1": 0.8642135642135642,
    "sentiment_label_metrics": {
      "NEGATIVE": {
        "precision": 0.8636363636363636,
        "recall": 0.95,
        "f1": 0.9047619047619048,
        "support": 20
      },
      "NEUTRAL": {
        "precision": 0.8461538461538461,
        "recall": 0.6470588235294118,
        "f1": 0.7333333333333334,
        "support": 17
      },
      "POSITIVE": {
        "precision": 0.9333333333333333,
        "recall": 0.9767441860465116,
        "f1": 0.9545454545454545,
        "support": 43
      }
    },
    "importance_macro_f1": 0.973389355742297,
    "importance_label_metrics": {
      "LOW": {
        "precision": 1.0,
        "recall": 1.0,
        "f1": 1.0,
        "support": 3
      },
      "MEDIUM": {
        "precision": 0.975609756097561,
        "recall": 0.9302325581395349,
        "f1": 0.9523809523809524,
        "support": 43
      },
      "HIGH": {
        "precision": 0.9142857142857143,
        "recall": 0.9696969696969697,
        "f1": 0.9411764705882354,
        "support": 33
      },
      "CRITICAL": {
        "precision": 1.0,
        "recall": 1.0,